asli,target,0
fullstack developer,fullstack developer,84
backend developer,backend developer,79
mobile developer,mobile developer,79
frontend developer,frontend developer,60
graphic designer,graphic designer,50
business development,business development,47
quality assurance,quality assurance,47
digital marketing,digital marketing,36
software engineer,software engineer,35
sales,sales,29
social media strategist,social media strategist,28
ui/ux designer,ui/ux designer,27
account manager,account manager,25
sales executive,sales executive,25
web developer,web developer,24
programmer,programmer,24
project manager,project manager,23
product manager,product manager,23
account executive,account executive,23
part-time internship,part-time internship,20
hrd,hrd,20
java developer,java developer,19
staff administrasi,staff administrasi,17
customer service,customer service,16
content creator,content creator,14
devops engineer,devops engineer,13
data scientist,data scientist,12
sales manager,sales manager,11
seo specialist,seo specialist,10
marketing executive,marketing executive,10
marketing manager,marketing manager,9
accounting staff,accounting staff,8
business consultant,business consultant,6
head of sales,head of sales,6
freelance site acquisition,freelance site acquisition,6
telemarketing,telemarketing,5
creative designer,creative designer,5
purchasing staff,purchasing staff,5
scrum master,scrum master,5
it manager,it manager,4
wordpress developer,wordpress developer,4
data engineer,data engineer,4
management trainee,management trainee,4
translator,translator,4
content writer,content writer,4
it security,it security,4
php developer,php developer,4
.net developer,.net developer,4
business analyst,business analyst,4
marketing,marketing,3
supervisor produksi,supervisor produksi,3
freelance site acquisitions,freelance site acquisitions,3
react native developer,react native developer,3
senior data engineer,data engineer,3
sales project engineer,sales engineer,3
solution architect,architect,3
videographer,videographer,3
public relation,public relation,3
legal officer,legal officer,3
it support,it support,3
python developer,python developer,3
head of product,head of product,3
product designer,product designer,3
system engineer,system engineer,3
copywriter,copywriter,3
art director,art director,2
site reliability engineer,site reliability engineer,2
merchandising manager,merchandising manager,2
pre-sales,sales,2
c# developer,c# developer,2
senior react native developer,react native developer,2
data entry intern,data entry,2
sales engineer,sales engineer,2
finance manager,finance manager,2
business intelligence analyst,business intelligence analyst,2
executive assistant,executive assistant,2
kepala produksi,head of product,2
financial analyst,financial analyst,2
staff produksi kimia - penanggung jawab teknis,staff produksi kimia,2
digital sales,sales,2
branch finance officer,branch finance officer,2
country manager,country manager,2
marketing komunikasi,marketing,2
website developer,web developer,2
host fashion muslim,host fashion muslim,2
general manager,general manager,2
chief financial officer,chief financial officer,2
tax accounting,tax accounting,2
business analyst,business analyst,2
sales & marketing,sales & marketing,2
growth hacker,growth hacker,2
public relation manager,public relation,2
chief marketing officer,chief marketing officer,2
finance officer internship,finance officer,2
digital marketer,digital marketing,2
finance staff,finance staff,2
implementation consultant,consultant,2
creative director,creative director,2
administrative & personal assistant,personal assistant,2
fashion designer,fashion designer,2
senior data analyst,data analyst,2
branch manager,branch manager,2
data analyst,data analyst,2
it business analyst,business analyst,2
financial consultant,financial consultant,2
legal staff,legal officer,2
teknisi,teknisi,2
technical lead,technical lead,2
staff accounting,staff accounting,2
analytics manager,analytics manager,2
personal assistant,personal assistant,2
marketing - campaign & digital performance,marketing,2
sales supervisor,sales supervisor,2
vp of engineering,vp of engineering,2
head of marketing,head of marketing,2
php developer,php developer,2
accounting private tutor,accounting private tutor,1
finance & accounting associate,finance & accounting associate,1
senior engineer data center & system analyst,data engineer,1
head designer & product development,head designer & product development,1
software development engineer,software engineer,1
animators,animators,1
product executive,product executive,1
marketing & communication,marketing & communication,1
data quality test engineer,data quality test engineer,1
e-commerce channel specialist,e-commerce channel specialist,1
external revenue specialist,external revenue specialist,1
marketing lead,marketing lead,1
operator zoom uclass,operator zoom uclass,1
operational security manager,operational security manager,1
funding manager,funding manager,1
real estate sales associate,real estate sales associate,1
area manager  - bdg,area manager,1
performance engineer,performance engineer,1
partnerhsip intern,partnerhsip intern,1
estimator,estimator,1
it business analyst intern,business analyst,1
mid application support,application support,1
technician,teknisi,1
marketing staff for steel department,marketing,1
operator warehouse,operator warehouse,1
legal & compliance associate,legal officer,1
staff accounting - surabaya office,staff accounting,1
japanese private tutor,japanese private tutor,1
senior system engineer,senior system engineer,1
marketing whiz,marketing,1
account officer - surabaya,account officer,1
senior study advisor,study advisor,1
staff formulasi r&d,staff formulasi r&d,1
multimedia designer,multimedia designer,1
it sales,sales,1
operational manager,operational manager,1
senior teacher at ef english first pluit,teacher,1
guru sekolah dasar,teacher,1
electronic engineer,electronic engineer,1
admin finance,admin finance,1
creative,creative,1
risk management department head,risk management,1
tech lead,tech lead,1
veterinary cattery,veterinary cattery,1
consultant,consultant,1
strategic marketing trainee,strategic marketing,1
onboarding training internship,onboarding training,1
system analyst,system analyst,1
c# developer,c# developer,1
supervisor warehouse,supervisor warehouse,1
secretary,secretary,1
biology private tutor,biology private tutor,1
graphics designer,graphic designer,1
ifrs 17- it tech lead,tech lead,1
tutor excellence associate,tutor,1
training & development,training & development,1
web development lead,web developer,1
content manager,content manager,1
appointment maker,appointment maker,1
etl developer,etl developer,1
expansion officer,expansion officer,1
data engineer,data engineer,1
freelance designer,freelance designer,1
talent acquisition,talent acquisition,1
it support engineer lead,it support engineer lead,1
master teacher sosiologi,master teacher sosiologi,1
technical lead,tech lead,1
human resource officer,hrd,1
full time english teacher - ef english first west jakarta area,teacher,1
senior ux engineer,ui/ux designer,1
data center engineer,data center engineer,1
finance & accounting,finance & accounting,1
tax manager,tax manager,1
influencer management,influencer management,1
senior developer,software engineer,1
marketing officer,marketing officer,1
videographer internship,videographer,1
profund admin,admin,1
sales lapangan b2b,sales,1
junior laravel php developer,web developer,1
growth marketing lead,growth marketing lead,1
golang developer,golang developer,1
marketing communications,marketing,1
visual merchandiser / project maneger,merchandising manager,1
creative content writer,content writer,1
sales project government,sales,1
intern - community & partnership support,community & partnership,1
logistic department head,logistic department head,1
english content writer,content writer,1
it enterprise architect & strategy department head,it enterprise architect & strategy department head,1
industrial  engineer  internship,industrial engineer,1
content writer internship,content writer,1
sales admin & collection,sales,1
production operation system analyst,production operation system analyst,1
it field support baturaja,it support,1
gke - google kubernetes engine,google kubernets engine,1
supervisor student counselor,supervisor student counselor,1
finance & accountant,finance & accountant,1
supervisor online store,supervisor online store,1
it strategy & architecture specialist,it strategy & architecture specialist,1
international expansion interns,international expansion,1
english private tutor,tutor,1
flutter developer,flutter developer,1
human resource  officer,hrd,1
assistant sales operational manager,sales,1
legal specialist visa/expatriate working permit,legal officer,1
mandarin private tutor,tutor,1
psikolog,psikolog,1
videographer and video editor,videographer,1
marketplace admin,marketplace admin,1
ux illustrator intern,ux illustrator,1
techinal support associate,techinal support associate,1
direktur operasional,direktur operasional,1
mathematics  private tutor,tutor,1
ai developer,data scientist,1
senior finance & accounting,finance & accounting,1
sales force,sales,1
mom coordinator,mom coordinator,1
internal auditor,internal auditor,1
game visual effect,game visual effect,1
credit control manager,credit control manager,1
ppjk staff,ppjk staff,1
sales trainee academy by ruangguru,sales trainee,1
admininstration cum cust. service,staff administrasi,1
inbound sales,inbound sales,1
iot engineer,iot engineer,1
programmatic & ad ops manager,programmatic & ad ops manager,1
customer advocate,customer advocate,1
finance & accounting internship,finance & accounting,1
engineering,engineering,1
executive assistant,executive assistant,1
staff gudang,staff gudang,1
digital advertiser,digital advertiser,1
finance & accounting assistant manager,finance & accounting,1
audit manager,audit manager,1
account officer - medan,account officer,1
head of curriculum,head of curriculum,1
partnership specialist,partnership specialist,1
sales associates,sales associates,1
marketing inhouse purwakarta,marketing inhouse purwakarta,1
senior legal manager,senior legal manager,1
ux unicorn,ux unicorn,1
digital business analyst,digital business analyst,1
senior art director,senior art director,1
account coordinator - palembang,account coordinator,1
kasir,kasir,1
data operation relationship manager,data operation relationship manager,1
air freight manager,air freight manager,1
sales canvasser,sales,1
e-commerce manager,e-commerce manager,1
strategy & insight manager,strategy & insight manager,1
research and development staff,research and development staff,1
settlement & reconciliation internship,settlement & reconciliation,1
magang admin operasional,admin operasional,1
"brand ambassador - freelance, 10% commission bonus",brand ambassador,1
procurement / purchasing executive,procurement / purchasing executive,1
product specialist,product specialist,1
it middleware developer,software engineer,1
business manager,business manager,1
business operation and development,business operation and development,1
intern - sales,sales,1
database developer,database developer,1
procurement specialist,procurement specialist,1
senior engineer,software engineer,1
consultant logistic / marketing,consultant,1
captain resto,captain resto,1
illustrator/ creative communication,illustrator/ creative communication,1
content writer,content writer,1
it manage service,it manage service,1
telesales,telesales,1
firmware engineer,firmware engineer,1
surveyor semarang,surveyor,1
finance executive,finance executive,1
sales director,sales director,1
sat test and ielts test english tutor,tutor,1
web testing,web testing,1
guru / wali kelas,teacher,1
accounting manager,accounting manager,1
tentor sosiologi,tutor,1
artist & music promotions manager,artist & music promotions manager,1
senior marketing automation specialist,senior marketing automation specialist,1
assistant senior manager marketing,assistant senior manager marketing,1
business intelligence developer,business intelligence developer,1
legal visa/expatriate working permit specialist,legal officer,1
marketing for education and services,marketing,1
electronics/telecommunications engineer  internship,electronic engineer,1
buyer,buyer,1
accounting & tax,accounting & tax,1
offline marketing,marketing,1
country director indonesia,country director indonesia,1
warehouse architect,warehouse architect,1
product designer lead,product designer lead,1
full-time  business & entrepreneurship lecturer,lecturer,1
on-site support engineer,on-site support engineer,1
tax manager,tax manager,1
senior flutter developer,flutter developer,1
supervisor sales,supervisor sales,1
project team,project team,1
pre sales consultant,sales,1
marketing & promotion,marketing & promotion,1
technical solution architect,technical solution architect,1
business studies private tutor,tutor,1
content marketer,content marketer,1
chief accounting,chief accounting,1
operation officer,operation officer,1
pre sales consultant/associate,consultant,1
full-time biomedicine lecturer,lecturer,1
financial accounting specialist,financial accounting specialist,1
senior account officer,senior account officer,1
service engineer,service engineer,1
tutor geografi dan sejarah sma,tutor,1
senior transfer pricing consultant,consultant,1
center manager ef bandung,center manager,1
head of engineer,head of engineer,1
sales project,sales project,1
manager public relation & community,manager public relation & community,1
sales promotion girl or boy,sales,1
head of treasury,head of treasury,1
accounting manager,accounting manager,1
oracle netsuite functional consultant,oracle netsuite functional consultant,1
brand associate,brand associate,1
creative group head,creative group head,1
video editor internship,video editor,1
promotion on air,promotion,1
r&d staff part time semarang,research and development staff,1
ppic staff,ppic staff,1
electrical helpdesk engineer,electronic engineer,1
admin,admin,1
intern community development,community development,1
field assistant intern,field assistant,1
kolektor,kolektor,1
finance,finance,1
content writer,content writer,1
staff akunting,accounting staff,1
corporate secretary,corporate secretary,1
tentor bahasa inggris sd,tutor,1
site architect,site architect,1
finance & accounting admin intern,finance & accounting admin intern,1
candidate acquisition intern,candidate acquisition intern,1
spv industrial relation,spv industrial relation,1
digital marketer,digital marketer,1
it project management officer,it project management officer,1
legal associate,legal officer,1
product developer,product developer,1
junior accountant - part time,accounting,1
assistant manager accounting,assistant manager accounting,1
it project ops.,it project ops.,1
team lead,tech lead,1
animator,animator,1
junior content writer,content writer,1
sales & marketing intern,sales & marketing,1
brand executive,brand executive,1
python django,python django,1
remote inside software services sales specialist,sales,1
creative visual fashion,creative visual fashion,1
"product head for loyalty, rewards and gamification",product head,1
golang engineer,golang engineer,1
sales engineer - surabaya,sales engineer,1
digital specialist,digital specialist,1
laravel developer,laravel developer,1
big data developer,big data developer,1
cloud infra lead,cloud infra lead,1
finance senior staff,finance staff,1
general manager,general manager,1
"account coordinator - duri, riau",account coordinator,1
vector cartoon illustrator for explainer video,ilustrator,1
lead of strategy,lead of strategy,1
enterprise it software sales,sales,1
admin produksi,admin produksi,1
consumer & investment management,consumer & investment management,1
mean stack developer,mean stack developer,1
lowongan intern / magang,lowongan intern / magang,1
accounting and tax specialist,accounting and tax specialist,1
procurement,procurement,1
it application leader,it application leader,1
sales electronics,sales,1
content strategist internship,content strategist,1
senior sap bw,sap,1
tentor matematika sd,tutor,1
business intelligence analyst,business intelligence analyst,1
spg / sales advisor,spg,1
internal audit,internal audit,1
senior sales,sales,1
complaint handling officer,complaint handling officer,1
factory manager,factory manager,1
marketing analyst,marketing analyst,1
data centre operator,data centre operator,1
beauty writer,content writer,1
tutor tik dan kewirausahaan sma,tutor,1
marketing sales,marketing,1
project officer,project officer,1
sales & marketing e- commerce,sales & marketing,1
head of game master,head of game master,1
product design,product design,1
head of content,head of content,1
student success,student success,1
digital investment marketing,digital investment marketing,1
project coordinator,project coordinator,1
data architect,data architect,1
spg retail counter,spg,1
guru bahasa inggris,teacher,1
data quality test lead,data quality test lead,1
technical writer,content writer,1
data engineers,data engineer,1
senior sales b2b executive,sales,1
software architect,software architect,1
machine learning engineer,machine learning engineer,1
marketing coordinator - ef english first pluit,marketing,1
sales,sales,1
team leader,team leader,1
test data management,test data management,1
sales admin,sales admin,1
image annotator,image annotator,1
2d animator,2d animator,1
kurikulum smp,kurikulum,1
paid media specialist,paid media specialist,1
product lead,product lead,1
animator,animator,1
credit risk management divhead,risk management,1
payroll & accounting,payroll & accounting,1
head data engineer,data engineer,1
tech lead,tech lead,1
teknisi it,teknisi,1
test engineer,test engineer,1
helpdesk support,helpdesk support,1
videographer and editor,video editor,1
operations software analyst,operations software analyst,1
accounting finance,accounting finance,1
content strategist,content strategist,1
team leader telepohone verification,team leader telepohone verification,1
technical support,technical support,1
purchasing supervisor,purchasing supervisor,1
tutor fisika sma,tutor,1
warehouse inventory staff,warehouse inventory staff,1
sr. graphic and visual designer,graphic designer,1
warehouse supervisor,warehouse supervisor,1
product analyst,product analyst,1
senior staff accounting & tax,accounting & tax,1
data analyst / research assistant,data analyst,1
global marketing intern,marketing,1
customer care,customer care,1
admin gudang,admin gudang,1
finance & accounting manager,finance & accounting manager,1
senior manager-product owner,product owner,1
product designer,product designer,1
ceo internship - digital services for events and weddings.,ceo,1
head of partnership,head of partnership,1
communiy engagement intern,community engagement,1
senior sales purchasing b2b,sales,1
merchants acquisition,merchant acquisition,1
innovative product development,product development,1
purchasing spv,purchasing spv,1
promotion staff,promotion staff,1
auditor finance,auditor finance,1
cyber security specialist,cyber security specialist,1
staff teknik lapangan,staff teknik lapangan,1
administrative assistant,administrative assistant,1
it project admin,admin,1
hardware engineer,hardware engineer,1
sales excecutive,sales excecutive,1
senior manager rel kereta api,manager rel kereta api,1
mobility testing,mobility,1
junior sales associates,sales,1
kabag marketing,marketing,1
relationship manager,relationship manager,1
admin staff,admin staff,1
engineer,engineer,1
technical curriculum lead,kurikulum,1
project engineer,project engineer,1
email lead generator,email lead generator,1
it application support,it support,1
business operation intern,business operation,1
senior python developer,python developer,1
application designer,application designer,1
driver,driver,1
part time english teacher - ef english first bogor area,tutor,1
telesales officer,telesales officer,1
purchasing,purchasing,1
host creative fashion stylist,host creative fashion stylist,1
direktur keuangan,direktur keuangan,1
junior cloud engineer,cloud engineer,1
asp.net developer,asp.net developer,1
freelance content marketing,content marketer,1
tutor visit,tutor,1
copywriter - internship,copy writer,1
key opinion leader,key opinion leader,1
brand development and marketing intern,brand development and marketing,1
kaseksi engineering,engineer,1
team opening,team opening,1
penetration tester,penetration tester,1
technical support engineer,it support,1
tableu report,tableau report,1
marketing online,marketing,1
senior tax specialist,tax specialist,1
associate,associate,1
game operations marketing,game operations marketing,1
operation manager,operation manager,1
customer support manager,customer support manager,1
dev ops engineer,devops engineer,1
pr & community manager,public relation,1
marketing strategist intern,marketing strategist,1
content writer & strategist,content writer,1
secretary / sales admin,secretary,1
junior photographer,photographer,1
content marketing,content marketing,1
compliance officer,compliance officer,1
personal chef,personal chef,1
staff design,design,1
senior audit/advisory services,audit,1
video creator,video creator,1
desk collection,desk collection,1
java springboot developer,java developer,1
head of financial,head of financial,1
noc & research,noc & research,1
senior marketing agency,marketing,1
creative director/art director,creative director,1
account coordinator - yogyakarta,account coordinator,1
senior unity3d engineer,unity 3d engineer,1
aws - amazon web service,aws,1
sales engineer - outdoor sales project,sales engineer,1
legal staff,legal officer,1
hello,hello,1
warehouse operations manager,warehouse operations manager,1
operations & database officer,operations & database officer,1
community engagement,community engagement,1
techops engineer,devops engineer,1
arsitek intern,architect,1
web admin - online administrator,web admin,1
account officer - jabodetabek,account officer,1
marketing & store development manager,marketing & store development manager,1
public relations f&b,public relation,1
test leads,test leads,1
gm operations,gm operations,1
assistant manager trainee,assistant manager trainee,1
sales engineer,sales engineer,1
finance & tax officer,finance & tax officer,1
staff data statistik,staff data statistik,1
senior business manager,business manager,1
trainer,trainer,1
webinar instructor,instructor,1
flutter developer,flutter developer,1
junior 3d generalist,3d generalist,1
physics private tutor,tutor,1
engineering / teknisi,teknisi,1
online sales managr,sales manager,1
credit portfolio analyst,credit portfolio analyst,1
c++ developer,c++ developer,1
game director,game director,1
nav technical consultant,nav technical consultant,1
ceo assistant,ceo assistant,1
tenant sales specialist,tenant sales specialist,1
finance & tax,finance & tax,1
admin accounting,admin accounting,1
service associate,service associate,1
motion graphic artist,motion graphic artist,1
network engineer,network engineer,1
admin penjualan,admin penjualan,1
marketing supervior,marketing supervior,1
chief risk officer,chief risk officer,1
crm specialist,crm specialist,1
full time pharmacy lecturer,lecture,1
logistic manager,logistic manager,1
supervisor electrical,supervisor electrical,1
dashboard,dashboard,1
penanggung jawab teknis,teknisi,1
business intelligence & analyst gm / sr. manager,business intelligence analyst,1
mid cobol developer,cobol developer,1
head of performance marketing,head of performance marketing,1
technology lead,tech lead,1
marketing corporate,marketing corporate,1
community leader,community leader,1
senior technology manager,technology manager,1
script writer,content writer,1
supervisor/asst.manager r&d,research and development,1
illustrator,illustrator,1
sales retail,sales,1
lending/ loan analyst,lending/ loan analyst,1
purchasing executive,purchasing executive,1
performance testing,performance testing,1
customer engagement supervisor,customer engagement supervisor,1
executive secretary,secretary,1
exim staff,exim staff,1
marketing staff for lubricant department,marketing,1
corporate legal officer,legal officer,1
strategic operations,strategic operations,1
finance internship,finance,1
fashion recruitment,fashion recruitment,1
asisten dropper,asisten dropper,1
sales intern,sales,1
senior ruby on rails engineer,ruby on ralis engineer,1
php engineer,php developer,1
unity developer,unity 3d engineer,1
aso specialist,aso specialist,1
human resources,hrd,1
r&d staff,research and development,1
teritorry manager,teritory manager,1
corporate sales area makassar,sales,1
account officer - bandung,account officer,1
librarian,librarian,1
product development manager,product development manager,1
"design director, visual design ","design director, visual design ",1
senior php developer,php developer,1
marketing talent coordinator,marketing talent coordinator,1
research and development,research and development,1
partnership associate,partnership associate,1
content marketing associate,content marketing associate,1
it project coordinator,it project coordinator,1
senior performance engineer,senior performance engineer,1
itsm - incident management,itsm - incident management,1
network operations center,network operations center,1
symfony developer,symfony developer,1
accounting internship,accounting,1
design lead,design lead,1
it tester,tester,1
developer ci,developer ci,1
english teacher kids & teens,teacher,1
administration & accounting intership,adminsitration & accounting,1
personal executive assistant,personal executive assistant,1
database engineer,database engineer,1
head of commercial,head of commercial,1
admin officer,admin officer,1
web designer,web designer,1
reporter infotainment,reporter infotainment,1
quality system,quality assurance,1
tentor ipa sd,tutor,1
property agent,property agent,1
senior accounting,accounting,1
blockchain developer,blockchain developer,1
merchant acquisition,merchant acquisition,1
saas sales specialist manager,saas sales specialist manager,1
accounting intership,accounting,1
ux researcher intern,ux researcher,1
magang - customer acquisition,customer acquisition,1
direktur operasional solo,direktur,1
export and import staff,export and import staff,1
kurir motor & mobil,kurir motor & mobil,1
accounting & finance departement head,accounting & finance departement head,1
staff asisten manager wpb,staff asisten manager wpb,1
direktur utama,direktur utama,1
admin executive,admin executive,1
lead 2d game artist,lead 2d game artist,1
sales promotion boy medan,sales promotion,1
category specialist,category specialist,1
customer care consultant,customer care consultant,1
system analyst,system analyst,1
senior associates,senior associates,1
interior designer,interior designer,1
.net developer,.net developer,1
customer relations officer - english first tangerang,customer realtions officer,1
production management,production management,1
intern java - nsm,java developer,1
barista,barista,1
accountant,accountant,1
senior manager finance accounting tax,accounting tax,1
sql business intelligence,sql business intelligence,1
junior performance engineer,performance engineer,1
data science trainer - microsoft excel & sql databases,data scientist,1
me  project staff,project engineer,1
finance and accounting supervisor,finance and accounting,1
digital  strategist,digital  strategist,1
it infrastructure services head,it infrastructure services head,1
cleaning service / office boy,cleaning service / office boy,1
internal revenue associate,internal revenue associate,1
staff konsultan,consultant,1
head of brand marketing,head of brand marketing,1
magang finance,magang finance,1
firmware engineer,firmware engineer,1
senior golang developer,golang developer,1
project admin,project admin,1
associate consultant,associate consultant,1
fraud and investigations manager,fraud and investigations manager,1
tech writer,content writer,1
chief technology officer,chief technology officer,1
admin prodev,admin,1
infrastructure/system engineer,infrastructure/system engineer,1
design graphic intern,graphic designer,1
accounting senior staff,accounting,1
finance accounting manager,accounting,1
staff ppic,ppic,1
video editor,video editor,1
content intern,content writer,1
education consultant,consultant,1
junior .net developer,.net developer,1
admin inventory,admin,1
tentor bahasa indonesia sma,tutor,1
office staff,office,1
senior ui / ux developer,ui/ux developer,1
digital marketer intern,digital marketing,1
sipil project staff,project,1
auditor sistem,audit,1
senior accounting - cost manufacturing,accounting,1
accounting,accounting,1
sales canvassing bandung,sales,1
wordpress/ php developer,php developer,1
"associate, operations & administration support ","associate, operations & administration support ",1
content marketing of ruangguru live,content marketing,1
pengembangan program kak seto learning centre,program developer,1
people manager,hrd,1
web cms officer,web cms officer,1
cashier,cashier,1
it application staff,it support,1
staff audit,audit,1
office support administrative,office support administrative,1
finance accounting,finance accounting,1
digital creative contect director,content creator,1
it product & solution manager,it product & solution manager,1
account director,account director,1
full time english teacher - english first tangerang area,teacher,1
spv qc,spv qc,1
cross border,cross border,1
intern video editor,video editor,1
intern finance accounting specialist,finance accounting,1
full-time english teacher - ef english first bogor area,teacher,1
tutor les privat,tutor,1
freelance marketer,digital marketing,1
360 recruitment consultant,consultant,1
operations collections associate,operations collections associate,1
project dormant reseller,project dormant reseller,1
sharepoint developer,sharepoint developer,1
internship,internship,1
management information system developer,management information system developer,1
sales store,sakes,1
marketing support,marketing,1
project management officer,project management officer,1
game designer,game designer,1
online marketing specialist,online marketing specialist,1
staff accounting,accounting,1
client relation,client relation,1
it unsecured loan engineering specialist,loan engineering,1
marketing analytics specialist,marketing analytics specialist,1
supply chain management  staff,supply chain management  staff,1
english teacher,teacher,1
vuejs developer,vuejs developer,1
supervisor accounting,supervisor accounting,1
senior sales associates,sales,1
sales & marketing for printed and woven label,sales,1
classroom or international private teacher,teacher,1
data analyst manager,data analyst,1
head of product,head of product,1
sales associate,sales,1
sales account,sales,1
assistant manager,assistant manager,1
network engineer,network engineer,1
community acquisition junior manager,community acquisition,1
operational sales staff,sales,1
art director / creative director,creative director,1
video editor,video editor,1
senior unity developer,unity developer,1
pet nutritionist,pet nutritionist,1
performance management officer,performance management officer,1
tenaga teknis kefarmasian,farmasi,1
production officer,production officer,1
mom manager,mom manager,1
spv promotion,spv promotion,1
vr 360 video editor,vide editor,1
sales marketing,sales,1
sales canvaser,sales,1
accounting officer,accounting officer,1
admission and sales,admission and sales,1
accountant and business operation,accountant and business operation,1
sales supervisor,sales,1
performance marketing,performance marketing,1
tableau lead,tableau,1
manual tester,tester,1
content creative/copy writer,copy writer,1
communication intern,communication,1
technical recruiter,technical recruiter,1
merchandise,merchandiser,1
merchandiser,merchandiser,1
it delivery owner-manager,it support,1
senior business intelligent engineering,business intelligence,1
direktur keuangan magelang,direktur keuangan,1
telemarketer,telemarketer,1
system engineer,system engineer,1
administrative assistant,administrative assistant,1
finance accounting division head,finance accounting division head,1
ui designer intern,ui designer,1
creative visual,creative director,1
junior associate,associate,1
it developer,programmer,1
teman-jalan co-working,teman-jalan co-working,1
vue.js engineer,vuejs developer,1
reactjs and redux saga developer,reactjs and redux saga developer,1
community relation officer,community relation officer,1
marketing communication/marketing,marketing communication/marketing,1
collection,collection,1
general affair,general affair,1
system integration specialist developer,system integration specialist developer,1
business leader,business leader,1
business intelligence,business intelligence,1
freelance creative production,freelance creative production,1
production manager,production manager,1
digital designer,digital designer,1
sales lead/ supervisor,sales,1
education content specialist,content creator,1
tentor sejarah,tutor,1
clinical internship - psychology major,clinical,1
ux research,ux researcher,1
passion playground virtual squad,passion playground virtual squad,1
global financial manager,global financial manager,1
production manager,production manager,1
video editor intern,video editor,1
industry sales lead-national,industry sales lead-national,1
corporate development,corporate development,1
senior admin,admin,1
supply chain data control intern,supply chain data control intern,1
sales data analyst,sales data analyst,1
developer python,python developer,1
general affair  staff,general affair,1
tax manager/assistant manager - consultant,consultant,1
network & system engineer,network & system engineer,1
junior system developer,system developer,1
electrical data analyst,electrical data analyst,1
facility operations coordinator,facility operations coordinator,1
implementation project administrator,project admin,1
presales project,sales,1
head of operation,head of operation,1
growth analyst,growth analyst,1
lecturer in management,lecturer,1
videographer  & motion graphics,videographer,1
corporate investment consultant,consultant,1
marketing specialist,marketing specialist,1
paid marketing specialist,marketing specialist,1
master teacher sejarah,teacher,1
image retoucher,image retoucher,1
specialist automation engineer,automation engineer,1
horeka sales,sales,1
full-time  food science and nutrition lecturer,lecturer,1
network engineer,network engineer,1
operations associate,operations associate,1
marketing & communications,marketing & communications,1
operation staff,operation staff,1
human resources intern,hrd,1
operations strategist,operations strategist,1
admin online shop,admin,1
procurement manager,procurement,1
it technical support,it support,1
video & graphic editor,video editor,1
sql developer,sql developer,1
retail merchandiser supervisor,merchandiser supervisor,1
performance marketing specialist,performance marketing specialist,1
treasury analyst,treasury analyst,1
oracle netsuite technical consultant,consultant,1
head of it,head of it,1
associate director management program,director,1
robotic process automation with uipath,robotic automation,1
resident security engineer,resident security engineer,1
general affairs,general affairs,1
head of e-commerce,marketing,1
tentor bahasa indonesia sd,tutor,1
warehouse administration,warehouse administration,1
creative event officer,creative event officer,1
web content - internship,web content,1
customer relation manager,customer relation manager,1
ga department head,ga department head,1
product design lead,product design,1
production engineering manager,production engineering manager,1
personal assisstant,personal assistant,1
ga operation,ga operation,1
warehouse manager,warehouse manager,1
it field support prabumulih,it support,1
section head of cost accounting and inventory,accounting and inventory,1
pharmacy catalogue writer,pharmacy catalogue writer,1
associate implementation consultant,consultant,1
one to one marketing lead,marketing,1
finance staf,finance staff,1
chemistry private tutor,tutor,1
artificial intelligence,artificial intelligence,1
produk spesialis,produk spesialis,1
data visualization / notification developer/ kibana reporting,data visualization,1
teaching assistant at ef english first - tangerang & jakarta area,tutor,1
accounts executive,accounts executive,1
senior copywriter,copy writer,1
customer success agent,customer agent,1
operations intern,operation,1